gene_id	gene	ensembl_display_name	chromosome	start	end	strand	source	assembly
ENSG00000142583	SLC2A5	SLC2A5	1	9035106	9088478	-1	Ensembl REST lookup/id	GRCh38
ENSG00000180758	GPR157	GPR157	1	9100305	9129122	-1	Ensembl REST lookup/id	GRCh38
ENSG00000169442	CD52	CD52	1	26317958	26320523	1	Ensembl REST lookup/id	GRCh38
ENSG00000134668	SPOCD1	SPOCD1	1	31790422	31816022	-1	Ensembl REST lookup/id	GRCh38
ENSG00000162631	NTNG1	NTNG1	1	107140007	107484923	1	Ensembl REST lookup/id	GRCh38
ENSG00000143110	C1orf162	C1orf162	1	111473792	111478512	1	Ensembl REST lookup/id	GRCh38
ENSG00000121933	TMIGD3	TMIGD3	1	111483348	111563962	-1	Ensembl REST lookup/id	GRCh38
ENSG00000116824	CD2	CD2	1	116754370	116769229	1	Ensembl REST lookup/id	GRCh38
ENSG00000150337	FCGR1A	FCGR1A	1	149782650	149792526	1	Ensembl REST lookup/id	GRCh38
ENSG00000163131	CTSS	CTSS	1	150730079	150765957	-1	Ensembl REST lookup/id	GRCh38
ENSG00000196154	S100A4	S100A4	1	153543613	153550136	-1	Ensembl REST lookup/id	GRCh38
ENSG00000132692	BCAN	BCAN	1	156641390	156659532	1	Ensembl REST lookup/id	GRCh38
ENSG00000132688	NES	NES	1	156668763	156677407	-1	Ensembl REST lookup/id	GRCh38
ENSG00000158477	CD1A	CD1A	1	158254424	158258269	1	Ensembl REST lookup/id	GRCh38
ENSG00000179639	FCER1A	FCER1A	1	159289714	159308224	1	Ensembl REST lookup/id	GRCh38
ENSG00000162736	NCSTN	NCSTN	1	160343294	160358957	1	Ensembl REST lookup/id	GRCh38
ENSG00000117091	CD48	CD48	1	160678746	160711831	-1	Ensembl REST lookup/id	GRCh38
ENSG00000026751	SLAMF7	SLAMF7	1	160739057	160754821	1	Ensembl REST lookup/id	GRCh38
ENSG00000158869	FCER1G	FCER1G	1	161215234	161220699	1	Ensembl REST lookup/id	GRCh38
ENSG00000203747	FCGR3A	FCGR3A	1	161541759	161550968	-1	Ensembl REST lookup/id	GRCh38
ENSG00000162747	FCGR3B	FCGR3B	1	161623196	161631963	-1	Ensembl REST lookup/id	GRCh38
ENSG00000162733	DDR2	DDR2	1	162630863	162787405	1	Ensembl REST lookup/id	GRCh38
ENSG00000117560	FASLG	FASLG	1	172659102	172666876	1	Ensembl REST lookup/id	GRCh38
ENSG00000143333	RGS16	RGS16	1	182598623	182604394	-1	Ensembl REST lookup/id	GRCh38
ENSG00000162670	BRINP3	BRINP3	1	190097658	190478404	-1	Ensembl REST lookup/id	GRCh38
ENSG00000081237	PTPRC	PTPRC	1	198629900	198759346	1	Ensembl REST lookup/id	GRCh38
ENSG00000133048	CHI3L1	CHI3L1	1	203178931	203186796	-1	Ensembl REST lookup/id	GRCh38
ENSG00000184144	CNTN2	CNTN2	1	205042937	205078289	1	Ensembl REST lookup/id	GRCh38
ENSG00000117707	PROX1	PROX1	1	213982711	214041510	1	Ensembl REST lookup/id	GRCh38
ENSG00000117724	CENPF	CENPF	1	214603172	214664574	1	Ensembl REST lookup/id	GRCh38
ENSG00000092969	TGFB2	TGFB2	1	218345336	218444619	1	Ensembl REST lookup/id	GRCh38
ENSG00000143801	PSEN2	PSEN2	1	226870184	226927726	1	Ensembl REST lookup/id	GRCh38
ENSG00000180287	PLD5	PLD5	1	242082986	242524697	-1	Ensembl REST lookup/id	GRCh38
ENSG00000130508	PXDN	PXDN	2	1631887	1744852	-1	Ensembl REST lookup/id	GRCh38
ENSG00000176887	SOX11	SOX11	2	5692384	5701385	1	Ensembl REST lookup/id	GRCh38
ENSG00000075426	FOSL2	FOSL2	2	28392448	28417317	1	Ensembl REST lookup/id	GRCh38
ENSG00000171094	ALK	ALK	2	29192774	29921586	-1	Ensembl REST lookup/id	GRCh38
ENSG00000115956	PLEK	PLEK	2	68365282	68397453	1	Ensembl REST lookup/id	GRCh38
ENSG00000115353	TACR1	TACR1	2	75046463	75199520	-1	Ensembl REST lookup/id	GRCh38
ENSG00000042493	CAPG	CAPG	2	85393587	85422017	-1	Ensembl REST lookup/id	GRCh38
ENSG00000115523	GNLY	GNLY	2	85685175	85698852	1	Ensembl REST lookup/id	GRCh38
ENSG00000172005	MAL	MAL	2	95025677	95054932	1	Ensembl REST lookup/id	GRCh38
ENSG00000115008	IL1A	IL1A	2	112773925	112784493	-1	Ensembl REST lookup/id	GRCh38
ENSG00000125538	IL1B	IL1B	2	112829751	112836816	-1	Ensembl REST lookup/id	GRCh38
ENSG00000136717	BIN1	BIN1	2	127048017	127107556	-1	Ensembl REST lookup/id	GRCh38
ENSG00000121966	CXCR4	CXCR4	2	136114349	136119177	-1	Ensembl REST lookup/id	GRCh38
ENSG00000144229	THSD7B	THSD7B	2	136765545	137677718	1	Ensembl REST lookup/id	GRCh38
ENSG00000144227	NXPH2	NXPH2	2	138669157	138780390	-1	Ensembl REST lookup/id	GRCh38
ENSG00000150556	LYPD6B	LYPD6B	2	149037975	149215262	1	Ensembl REST lookup/id	GRCh38
ENSG00000187123	LYPD6	LYPD6	2	149329985	149474139	1	Ensembl REST lookup/id	GRCh38
ENSG00000153234	NR4A2	NR4A2	2	156324432	156342348	-1	Ensembl REST lookup/id	GRCh38
ENSG00000136541	ERMN	ERMN	2	157318626	157327713	-1	Ensembl REST lookup/id	GRCh38
ENSG00000115165	CYTIP	CYTIP	2	157409360	157491093	-1	Ensembl REST lookup/id	GRCh38
ENSG00000241399	CD302	CD302	2	159768628	159798255	-1	Ensembl REST lookup/id	GRCh38
ENSG00000128683	GAD1	GAD1	2	170813213	170861151	1	Ensembl REST lookup/id	GRCh38
ENSG00000064989	CALCRL	CALCRL	2	187341946	187448506	-1	Ensembl REST lookup/id	GRCh38
ENSG00000163599	CTLA4	CTLA4	2	203853888	203873965	1	Ensembl REST lookup/id	GRCh38
ENSG00000163600	ICOS	ICOS	2	203936763	203961577	1	Ensembl REST lookup/id	GRCh38
ENSG00000138413	IDH1	IDH1	2	208236224	208266095	-1	Ensembl REST lookup/id	GRCh38
ENSG00000030419	IKZF2	IKZF2	2	212999691	213152427	-1	Ensembl REST lookup/id	GRCh38
ENSG00000174453	VWC2L	VWC2L	2	214411054	214578976	1	Ensembl REST lookup/id	GRCh38
ENSG00000115461	IGFBP5	IGFBP5	2	216672105	216695549	-1	Ensembl REST lookup/id	GRCh38
ENSG00000135929	CYP27A1	CYP27A1	2	218781738	218815293	1	Ensembl REST lookup/id	GRCh38
ENSG00000115009	CCL20	CCL20	2	227805739	227817564	1	Ensembl REST lookup/id	GRCh38
ENSG00000153820	SPHKAP	SPHKAP	2	227979955	228181687	-1	Ensembl REST lookup/id	GRCh38
ENSG00000187957	DNER	DNER	2	229357629	229714581	-1	Ensembl REST lookup/id	GRCh38
ENSG00000115468	EFHD1	EFHD1	2	232606057	232682781	1	Ensembl REST lookup/id	GRCh38
ENSG00000144485	HES6	HES6	2	238238267	238240662	-1	Ensembl REST lookup/id	GRCh38
ENSG00000131378	RFTN1	RFTN1	3	16313574	16514026	-1	Ensembl REST lookup/id	GRCh38
ENSG00000168329	CX3CR1	CX3CR1	3	39263495	39281735	-1	Ensembl REST lookup/id	GRCh38
ENSG00000168314	MOBP	MOBP	3	39467172	39529479	1	Ensembl REST lookup/id	GRCh38
ENSG00000187094	CCK	CCK	3	42257823	42266185	-1	Ensembl REST lookup/id	GRCh38
ENSG00000010282	HHATL	HHATL	3	42692661	42703260	-1	Ensembl REST lookup/id	GRCh38
ENSG00000114646	CSPG5	CSPG5	3	47562238	47580792	-1	Ensembl REST lookup/id	GRCh38
ENSG00000010327	STAB1	STAB1	3	52495337	52524512	1	Ensembl REST lookup/id	GRCh38
ENSG00000163630	SYNPR	SYNPR	3	63228315	63616924	1	Ensembl REST lookup/id	GRCh38
ENSG00000144824	PHLDB2	PHLDB2	3	111732403	111976837	1	Ensembl REST lookup/id	GRCh38
ENSG00000184307	ZDHHC23	ZDHHC23	3	113947901	113965401	1	Ensembl REST lookup/id	GRCh38
ENSG00000181847	TIGIT	TIGIT	3	114276913	114310288	1	Ensembl REST lookup/id	GRCh38
ENSG00000114013	CD86	CD86	3	122055362	122121139	1	Ensembl REST lookup/id	GRCh38
ENSG00000152952	PLOD2	PLOD2	3	146035139	146163725	-1	Ensembl REST lookup/id	GRCh38
ENSG00000181631	P2RY13	P2RY13	3	151326312	151329549	-1	Ensembl REST lookup/id	GRCh38
ENSG00000169313	P2RY12	P2RY12	3	151336843	151384753	-1	Ensembl REST lookup/id	GRCh38
ENSG00000196549	MME	MME	3	155024124	155183803	1	Ensembl REST lookup/id	GRCh38
ENSG00000114805	PLCH1	PLCH1	3	155375580	155745085	-1	Ensembl REST lookup/id	GRCh38
ENSG00000169064	ZBBX	ZBBX	3	167239843	167407874	-1	Ensembl REST lookup/id	GRCh38
ENSG00000013297	CLDN11	CLDN11	3	170418865	170454733	1	Ensembl REST lookup/id	GRCh38
ENSG00000181449	SOX2	SOX2	3	181711925	181714436	1	Ensembl REST lookup/id	GRCh38
ENSG00000073849	ST6GAL1	ST6GAL1	3	186930325	187078932	1	Ensembl REST lookup/id	GRCh38
ENSG00000157005	SST	SST	3	187668912	187670394	-1	Ensembl REST lookup/id	GRCh38
ENSG00000114315	HES1	HES1	3	194136142	194138732	1	Ensembl REST lookup/id	GRCh38
ENSG00000068078	FGFR3	FGFR3	4	1793286	1808873	1	Ensembl REST lookup/id	GRCh38
ENSG00000152953	STK32B	STK32B	4	5051480	5500994	1	Ensembl REST lookup/id	GRCh38
ENSG00000163993	S100P	S100P	4	6693878	6697170	1	Ensembl REST lookup/id	GRCh38
ENSG00000174145	NWD2	NWD2	4	37244743	37449463	1	Ensembl REST lookup/id	GRCh38
ENSG00000134853	PDGFRA	PDGFRA	4	54229130	54298246	1	Ensembl REST lookup/id	GRCh38
ENSG00000157404	KIT	KIT	4	54657267	54740783	1	Ensembl REST lookup/id	GRCh38
ENSG00000056291	NPFFR2	NPFFR2	4	72031902	72148311	1	Ensembl REST lookup/id	GRCh38
ENSG00000156140	ADAMTS3	ADAMTS3	4	72280969	72569221	-1	Ensembl REST lookup/id	GRCh38
ENSG00000163734	CXCL3	CXCL3	4	74036589	74038807	-1	Ensembl REST lookup/id	GRCh38
ENSG00000124882	EREG	EREG	4	74365145	74388749	1	Ensembl REST lookup/id	GRCh38
ENSG00000138639	ARHGAP24	ARHGAP24	4	85475150	86002668	1	Ensembl REST lookup/id	GRCh38
ENSG00000152595	MEPE	MEPE	4	87821398	87846814	1	Ensembl REST lookup/id	GRCh38
ENSG00000109320	NFKB1	NFKB1	4	102500937	102617302	1	Ensembl REST lookup/id	GRCh38
ENSG00000168743	NPNT	NPNT	4	105894775	106004027	1	Ensembl REST lookup/id	GRCh38
ENSG00000188517	COL25A1	COL25A1	4	108808725	109302752	-1	Ensembl REST lookup/id	GRCh38
ENSG00000174607	UGT8	UGT8	4	114598374	114678588	1	Ensembl REST lookup/id	GRCh38
ENSG00000138653	NDST4	NDST4	4	114827763	115113876	-1	Ensembl REST lookup/id	GRCh38
ENSG00000164056	SPRY1	SPRY1	4	123396754	123403760	1	Ensembl REST lookup/id	GRCh38
ENSG00000145423	SFRP2	SFRP2	4	153780591	153789083	-1	Ensembl REST lookup/id	GRCh38
ENSG00000171509	RXFP1	RXFP1	4	158315311	158653372	1	Ensembl REST lookup/id	GRCh38
ENSG00000164128	NPY1R	NPY1R	4	163323962	163344852	-1	Ensembl REST lookup/id	GRCh38
ENSG00000145536	ADAMTS16	ADAMTS16	5	5140329	5320304	1	Ensembl REST lookup/id	GRCh38
ENSG00000112902	SEMA5A	SEMA5A	5	9035033	9546142	-1	Ensembl REST lookup/id	GRCh38
ENSG00000154162	CDH12	CDH12	5	21750673	22853344	-1	Ensembl REST lookup/id	GRCh38
ENSG00000113361	CDH6	CDH6	5	31193686	31329146	1	Ensembl REST lookup/id	GRCh38
ENSG00000151388	ADAMTS12	ADAMTS12	5	33523535	33892019	-1	Ensembl REST lookup/id	GRCh38
ENSG00000168685	IL7R	IL7R	5	35852695	35879603	1	Ensembl REST lookup/id	GRCh38
ENSG00000145649	GZMA	GZMA	5	55102646	55110252	1	Ensembl REST lookup/id	GRCh38
ENSG00000145708	CRHBP	CRHBP	5	76953044	76981158	1	Ensembl REST lookup/id	GRCh38
ENSG00000038427	VCAN	VCAN	5	83471618	83582303	1	Ensembl REST lookup/id	GRCh38
ENSG00000175426	PCSK1	PCSK1	5	96390333	96434143	-1	Ensembl REST lookup/id	GRCh38
ENSG00000145779	TNFAIP8	TNFAIP8	5	119268692	119399688	1	Ensembl REST lookup/id	GRCh38
ENSG00000113083	LOX	LOX	5	122063195	122078634	-1	Ensembl REST lookup/id	GRCh38
ENSG00000053108	FSTL4	FSTL4	5	133196455	133612688	-1	Ensembl REST lookup/id	GRCh38
ENSG00000145824	CXCL14	CXCL14	5	135570679	135579279	-1	Ensembl REST lookup/id	GRCh38
ENSG00000120708	TGFBI	TGFBI	5	136028988	136063818	1	Ensembl REST lookup/id	GRCh38
ENSG00000170458	CD14	CD14	5	140631728	140633700	-1	Ensembl REST lookup/id	GRCh38
ENSG00000170214	ADRA1B	ADRA1B	5	159865080	159973012	1	Ensembl REST lookup/id	GRCh38
ENSG00000184347	SLIT3	SLIT3	5	168661740	169301139	-1	Ensembl REST lookup/id	GRCh38
ENSG00000124785	NRN1	NRN1	6	5997999	6008688	-1	Ensembl REST lookup/id	GRCh38
ENSG00000112799	LY86	LY86	6	6588108	6654983	1	Ensembl REST lookup/id	GRCh38
ENSG00000197977	ELOVL2	ELOVL2	6	10980759	11044399	-1	Ensembl REST lookup/id	GRCh38
ENSG00000112149	CD83	CD83	6	14117256	14140682	1	Ensembl REST lookup/id	GRCh38
ENSG00000137393	RNF144B	RNF144B	6	18387346	18468874	1	Ensembl REST lookup/id	GRCh38
ENSG00000172201	ID4	ID4	6	19837366	19842197	1	Ensembl REST lookup/id	GRCh38
ENSG00000124766	SOX4	SOX4	6	21593751	21598619	1	Ensembl REST lookup/id	GRCh38
ENSG00000204655	MOG	MOG	6	29656598	29674431	1	Ensembl REST lookup/id	GRCh38
ENSG00000204472	AIF1	AIF1	6	31615217	31617021	1	Ensembl REST lookup/id	GRCh38
ENSG00000198502	HLA-DRB5	HLA-DRB5	6	32517345	32530369	-1	Ensembl REST lookup/id	GRCh38
ENSG00000196735	HLA-DQA1	HLA-DQA1	6	32628179	32647062	1	Ensembl REST lookup/id	GRCh38
ENSG00000242574	HLA-DMB	HLA-DMB	6	32934629	32941054	-1	Ensembl REST lookup/id	GRCh38
ENSG00000204257	HLA-DMA	HLA-DMA	6	32948613	32969094	-1	Ensembl REST lookup/id	GRCh38
ENSG00000095970	TREM2	TREM2	6	41158488	41163186	-1	Ensembl REST lookup/id	GRCh38
ENSG00000112715	VEGFA	VEGFA	6	43770184	43786487	1	Ensembl REST lookup/id	GRCh38
ENSG00000146070	PLA2G7	PLA2G7	6	46704201	46735718	-1	Ensembl REST lookup/id	GRCh38
ENSG00000244694	PTCHD4	PTCHD4	6	47856673	48111197	-1	Ensembl REST lookup/id	GRCh38
ENSG00000111799	COL12A1	COL12A1	6	75084326	75206267	-1	Ensembl REST lookup/id	GRCh38
ENSG00000118407	FILIP1	FILIP1	6	75291859	75493800	-1	Ensembl REST lookup/id	GRCh38
ENSG00000112394	SLC16A10	SLC16A10	6	111087503	111231194	1	Ensembl REST lookup/id	GRCh38
ENSG00000047936	ROS1	ROS1	6	117287353	117425942	-1	Ensembl REST lookup/id	GRCh38
ENSG00000152661	GJA1	GJA1	6	121435577	121449727	1	Ensembl REST lookup/id	GRCh38
ENSG00000172673	THEMIS	THEMIS	6	127708072	127918631	-1	Ensembl REST lookup/id	GRCh38
ENSG00000196569	LAMA2	LAMA2	6	128883138	129516566	1	Ensembl REST lookup/id	GRCh38
ENSG00000112319	EYA4	EYA4	6	133240514	133532128	1	Ensembl REST lookup/id	GRCh38
ENSG00000118503	TNFAIP3	TNFAIP3	6	137866383	137885836	1	Ensembl REST lookup/id	GRCh38
ENSG00000203727	SAMD5	SAMD5	6	147508690	147737547	1	Ensembl REST lookup/id	GRCh38
ENSG00000131016	AKAP12	AKAP12	6	151239936	151358563	1	Ensembl REST lookup/id	GRCh38
ENSG00000146469	VIP	VIP	6	152749922	152759765	1	Ensembl REST lookup/id	GRCh38
ENSG00000026297	RNASET2	RNASET2	6	166922113	166957448	-1	Ensembl REST lookup/id	GRCh38
ENSG00000146555	SDK1	SDK1	7	3301252	4269000	1	Ensembl REST lookup/id	GRCh38
ENSG00000136235	GPNMB	GPNMB	7	23235967	23275108	1	Ensembl REST lookup/id	GRCh38
ENSG00000086300	SNX10	SNX10	7	26291862	26374383	1	Ensembl REST lookup/id	GRCh38
ENSG00000255690	TRIL	TRIL	7	28953358	28958330	-1	Ensembl REST lookup/id	GRCh38
ENSG00000106536	POU6F2	POU6F2	7	38977909	39493095	1	Ensembl REST lookup/id	GRCh38
ENSG00000146674	IGFBP3	IGFBP3	7	45912245	45921874	-1	Ensembl REST lookup/id	GRCh38
ENSG00000146648	EGFR	EGFR	7	55018820	55211628	1	Ensembl REST lookup/id	GRCh38
ENSG00000135218	CD36	CD36	7	80369532	80679277	1	Ensembl REST lookup/id	GRCh38
ENSG00000004799	PDK4	PDK4	7	95583497	95597638	-1	Ensembl REST lookup/id	GRCh38
ENSG00000006128	TAC1	TAC1	7	97732053	97740472	1	Ensembl REST lookup/id	GRCh38
ENSG00000189056	RELN	RELN	7	103471381	103989658	-1	Ensembl REST lookup/id	GRCh38
ENSG00000091137	SLC26A4	SLC26A4	7	107660594	107717809	1	Ensembl REST lookup/id	GRCh38
ENSG00000105974	CAV1	CAV1	7	116524994	116561179	1	Ensembl REST lookup/id	GRCh38
ENSG00000106278	PTPRZ1	PTPRZ1	7	121873089	122062037	1	Ensembl REST lookup/id	GRCh38
ENSG00000135245	HILPDA	HILPDA	7	128455829	128458423	1	Ensembl REST lookup/id	GRCh38
ENSG00000257335	MGAM	MGAM	7	141907813	142106747	1	Ensembl REST lookup/id	GRCh38
ENSG00000179388	EGR3	EGR3	8	22687659	22693480	-1	Ensembl REST lookup/id	GRCh38
ENSG00000120907	ADRA1A	ADRA1A	8	26748150	26867278	-1	Ensembl REST lookup/id	GRCh38
ENSG00000131203	IDO1	IDO1	8	39902275	39928790	1	Ensembl REST lookup/id	GRCh38
ENSG00000029534	ANK1	ANK1	8	41653220	41896741	-1	Ensembl REST lookup/id	GRCh38
ENSG00000147488	ST18	ST18	8	52110838	52460983	-1	Ensembl REST lookup/id	GRCh38
ENSG00000137573	SULF1	SULF1	8	69466624	69660935	1	Ensembl REST lookup/id	GRCh38
ENSG00000154188	ANGPT1	ANGPT1	8	107249482	107498055	-1	Ensembl REST lookup/id	GRCh38
ENSG00000147655	RSPO2	RSPO2	8	107899316	108083790	-1	Ensembl REST lookup/id	GRCh38
ENSG00000104419	NDRG1	NDRG1	8	133237175	133302022	-1	Ensembl REST lookup/id	GRCh38
ENSG00000180071	ANKRD18A	ANKRD18A	9	38540567	38620596	-1	Ensembl REST lookup/id	GRCh38
ENSG00000154529	CNTNAP3B	CNTNAP3B	9	41890314	42129552	-1	Ensembl REST lookup/id	GRCh38
ENSG00000135048	CEMIP2	CEMIP2	9	71683364	71816690	-1	Ensembl REST lookup/id	GRCh38
ENSG00000135046	ANXA1	ANXA1	9	73148874	73170629	1	Ensembl REST lookup/id	GRCh38
ENSG00000198963	RORB	RORB	9	74497335	74693177	1	Ensembl REST lookup/id	GRCh38
ENSG00000135047	CTSL	CTSL	9	87724051	87731469	1	Ensembl REST lookup/id	GRCh38
ENSG00000106799	TGFBR1	TGFBR1	9	99104038	99154192	1	Ensembl REST lookup/id	GRCh38
ENSG00000119508	NR4A3	NR4A3	9	99821855	99866891	1	Ensembl REST lookup/id	GRCh38
ENSG00000136826	KLF4	KLF4	9	107484852	107490482	-1	Ensembl REST lookup/id	GRCh38
ENSG00000106852	LHX6	LHX6	9	122202577	122229626	-1	Ensembl REST lookup/id	GRCh38
ENSG00000196358	NTNG2	NTNG2	9	132161020	132244528	1	Ensembl REST lookup/id	GRCh38
ENSG00000085265	FCN1	FCN1	9	134903232	134917954	-1	Ensembl REST lookup/id	GRCh38
ENSG00000148400	NOTCH1	NOTCH1	9	136494433	136546048	-1	Ensembl REST lookup/id	GRCh38
ENSG00000134460	IL2RA	IL2RA	10	6010689	6062370	-1	Ensembl REST lookup/id	GRCh38
ENSG00000077943	ITGA8	ITGA8	10	15513954	15719936	-1	Ensembl REST lookup/id	GRCh38
ENSG00000165985	C1QL3	C1QL3	10	16513734	16521879	-1	Ensembl REST lookup/id	GRCh38
ENSG00000260314	MRC1	MRC1	10	17809014	17911164	1	Ensembl REST lookup/id	GRCh38
ENSG00000165312	OTUD1	OTUD1	10	23439075	23442377	1	Ensembl REST lookup/id	GRCh38
ENSG00000136750	GAD2	GAD2	10	26216665	26304558	1	Ensembl REST lookup/id	GRCh38
ENSG00000099250	NRP1	NRP1	10	33177492	33336262	-1	Ensembl REST lookup/id	GRCh38
ENSG00000170312	CDK1	CDK1	10	60778312	60796236	1	Ensembl REST lookup/id	GRCh38
ENSG00000122877	EGR2	EGR2	10	62811996	62819167	-1	Ensembl REST lookup/id	GRCh38
ENSG00000183230	CTNNA3	CTNNA3	10	65912457	67763637	-1	Ensembl REST lookup/id	GRCh38
ENSG00000180644	PRF1	PRF1	10	70596401	70602759	-1	Ensembl REST lookup/id	GRCh38
ENSG00000107731	UNC5B	UNC5B	10	71212523	71302885	1	Ensembl REST lookup/id	GRCh38
ENSG00000173267	SNCG	SNCG	10	86955771	86963261	1	Ensembl REST lookup/id	GRCh38
ENSG00000138135	CH25H	CH25H	10	89205629	89207317	-1	Ensembl REST lookup/id	GRCh38
ENSG00000107798	LIPA	LIPA	10	89212830	89415367	-1	Ensembl REST lookup/id	GRCh38
ENSG00000138193	PLCE1	PLCE1	10	93993894	94332823	1	Ensembl REST lookup/id	GRCh38
ENSG00000197430	OPALIN	OPALIN	10	96343216	96359365	-1	Ensembl REST lookup/id	GRCh38
ENSG00000108018	SORCS1	SORCS1	10	106573663	107164706	-1	Ensembl REST lookup/id	GRCh38
ENSG00000148908	RGS10	RGS10	10	119499817	119543294	-1	Ensembl REST lookup/id	GRCh38
ENSG00000066468	FGFR2	FGFR2	10	121478332	121598458	-1	Ensembl REST lookup/id	GRCh38
ENSG00000148773	MKI67	MKI67	10	128096659	128126448	-1	Ensembl REST lookup/id	GRCh38
ENSG00000142089	IFITM3	IFITM3	11	319675	329475	-1	Ensembl REST lookup/id	GRCh38
ENSG00000117984	CTSD	CTSD	11	1752752	1764573	-1	Ensembl REST lookup/id	GRCh38
ENSG00000133800	LYVE1	LYVE1	11	10556966	10611689	-1	Ensembl REST lookup/id	GRCh38
ENSG00000262655	SPON1	SPON1	11	13962694	14268133	1	Ensembl REST lookup/id	GRCh38
ENSG00000110693	SOX6	SOX6	11	15966449	16739591	-1	Ensembl REST lookup/id	GRCh38
ENSG00000091664	SLC17A6	SLC17A6	11	22338381	22379503	1	Ensembl REST lookup/id	GRCh38
ENSG00000134343	ANO3	ANO3	11	26188842	26663289	1	Ensembl REST lookup/id	GRCh38
ENSG00000007372	PAX6	PAX6	11	31784779	31817961	-1	Ensembl REST lookup/id	GRCh38
ENSG00000026508	CD44	CD44	11	35138882	35232402	1	Ensembl REST lookup/id	GRCh38
ENSG00000066336	SPI1	SPI1	11	47354860	47409369	-1	Ensembl REST lookup/id	GRCh38
ENSG00000134817	APLNR	APLNR	11	57233577	57237250	-1	Ensembl REST lookup/id	GRCh38
ENSG00000110077	MS4A6A	MS4A6A	11	60170074	60184666	-1	Ensembl REST lookup/id	GRCh38
ENSG00000124920	MYRF	MYRF	11	61752593	61788518	1	Ensembl REST lookup/id	GRCh38
ENSG00000172543	CTSW	CTSW	11	65879809	65883741	1	Ensembl REST lookup/id	GRCh38
ENSG00000137672	TRPC6	TRPC6	11	101451470	101872562	-1	Ensembl REST lookup/id	GRCh38
ENSG00000170962	PDGFD	PDGFD	11	103907189	104164379	-1	Ensembl REST lookup/id	GRCh38
ENSG00000160654	CD3G	CD3G	11	118344344	118355161	1	Ensembl REST lookup/id	GRCh38
ENSG00000149564	ESAM	ESAM	11	124752583	124762315	-1	Ensembl REST lookup/id	GRCh38
ENSG00000134954	ETS1	ETS1	11	128458761	128587606	-1	Ensembl REST lookup/id	GRCh38
ENSG00000139180	NDUFA9	NDUFA9	12	4649095	4694317	1	Ensembl REST lookup/id	GRCh38
ENSG00000010610	CD4	CD4	12	6786858	6820807	1	Ensembl REST lookup/id	GRCh38
ENSG00000177575	CD163	CD163	12	7470811	7503910	-1	Ensembl REST lookup/id	GRCh38
ENSG00000111796	KLRB1	KLRB1	12	9594551	9607916	-1	Ensembl REST lookup/id	GRCh38
ENSG00000110848	CD69	CD69	12	9752486	9760901	-1	Ensembl REST lookup/id	GRCh38
ENSG00000173391	OLR1	OLR1	12	10158301	10172138	-1	Ensembl REST lookup/id	GRCh38
ENSG00000134539	KLRD1	KLRD1	12	10226058	10329608	1	Ensembl REST lookup/id	GRCh38
ENSG00000008394	MGST1	MGST1	12	16347115	16609259	1	Ensembl REST lookup/id	GRCh38
ENSG00000069431	ABCC9	ABCC9	12	21797389	21942543	-1	Ensembl REST lookup/id	GRCh38
ENSG00000188906	LRRK2	LRRK2	12	40196744	40369285	1	Ensembl REST lookup/id	GRCh38
ENSG00000135426	TESPA1	TESPA1	12	54948015	54989104	-1	Ensembl REST lookup/id	GRCh38
ENSG00000065361	ERBB3	ERBB3	12	56076799	56103505	1	Ensembl REST lookup/id	GRCh38
ENSG00000135454	B4GALNT1	B4GALNT1	12	57623409	57633239	-1	Ensembl REST lookup/id	GRCh38
ENSG00000156076	WIF1	WIF1	12	65050626	65121548	-1	Ensembl REST lookup/id	GRCh38
ENSG00000090382	LYZ	LYZ	12	69348381	69354234	1	Ensembl REST lookup/id	GRCh38
ENSG00000139287	TPH2	TPH2	12	71938845	72186618	1	Ensembl REST lookup/id	GRCh38
ENSG00000072657	TRHDE	TRHDE	12	72087266	72670758	1	Ensembl REST lookup/id	GRCh38
ENSG00000175183	CSRP2	CSRP2	12	76858703	76879638	-1	Ensembl REST lookup/id	GRCh38
ENSG00000165899	OTOGL	OTOGL	12	80099537	80380880	1	Ensembl REST lookup/id	GRCh38
ENSG00000011465	DCN	DCN	12	91140484	91183217	-1	Ensembl REST lookup/id	GRCh38
ENSG00000120833	SOCS2	SOCS2	12	93569808	93583487	1	Ensembl REST lookup/id	GRCh38
ENSG00000111144	LTA4H	LTA4H	12	96000753	96043520	-1	Ensembl REST lookup/id	GRCh38
ENSG00000139354	GAS2L3	GAS2L3	12	100573681	100628288	1	Ensembl REST lookup/id	GRCh38
ENSG00000151136	BTBD11	ABTB3	12	107318421	107659642	1	Ensembl REST lookup/id	GRCh38
ENSG00000183160	TMEM119	TMEM119	12	108589851	108598320	-1	Ensembl REST lookup/id	GRCh38
ENSG00000111249	CUX2	CUX2	12	111033853	111350554	1	Ensembl REST lookup/id	GRCh38
ENSG00000152137	HSPB8	HSPB8	12	119171555	119224855	1	Ensembl REST lookup/id	GRCh38
ENSG00000181234	TMEM132C	TMEM132C	12	128267170	128707911	1	Ensembl REST lookup/id	GRCh38
ENSG00000102755	FLT1	FLT1	13	28300346	28495145	-1	Ensembl REST lookup/id	GRCh38
ENSG00000133101	CCNA1	CCNA1	13	36431520	36442870	1	Ensembl REST lookup/id	GRCh38
ENSG00000133110	POSTN	POSTN	13	37562582	37598855	-1	Ensembl REST lookup/id	GRCh38
ENSG00000102468	HTR2A	HTR2A	13	46831546	46897076	-1	Ensembl REST lookup/id	GRCh38
ENSG00000169508	GPR183	GPR183	13	99294273	99307474	-1	Ensembl REST lookup/id	GRCh38
ENSG00000041515	MYO16	MYO16	13	108596152	109208005	1	Ensembl REST lookup/id	GRCh38
ENSG00000129538	RNASE1	RNASE1	14	20801228	20802884	-1	Ensembl REST lookup/id	GRCh38
ENSG00000277734	TRAC	TRAC	14	22547506	22552156	1	Ensembl REST lookup/id	GRCh38
ENSG00000100453	GZMB	GZMB	14	24630954	24634267	-1	Ensembl REST lookup/id	GRCh38
ENSG00000131981	LGALS3	LGALS3	14	55121352	55148022	1	Ensembl REST lookup/id	GRCh38
ENSG00000140015	KCNH5	KCNH5	14	62699464	63102037	-1	Ensembl REST lookup/id	GRCh38
ENSG00000198732	SMOC1	SMOC1	14	69854131	70032366	1	Ensembl REST lookup/id	GRCh38
ENSG00000080815	PSEN1	PSEN1	14	73136418	73223691	1	Ensembl REST lookup/id	GRCh38
ENSG00000156127	BATF	BATF	14	75522455	75546993	1	Ensembl REST lookup/id	GRCh38
ENSG00000100600	LGMN	LGMN	14	92703798	92751131	-1	Ensembl REST lookup/id	GRCh38
ENSG00000196136	SERPINA3	SERPINA3	14	94612377	94624645	1	Ensembl REST lookup/id	GRCh38
ENSG00000127152	BCL11B	BCL11B	14	99169287	99272197	-1	Ensembl REST lookup/id	GRCh38
ENSG00000273749	CYFIP1	CYFIP1	15	22867052	22981063	-1	Ensembl REST lookup/id	GRCh38
ENSG00000198838	RYR3	RYR3	15	33310962	33866121	1	Ensembl REST lookup/id	GRCh38
ENSG00000134138	MEIS2	MEIS2	15	36889204	37101307	-1	Ensembl REST lookup/id	GRCh38
ENSG00000172575	RASGRP1	RASGRP1	15	38488103	38565575	-1	Ensembl REST lookup/id	GRCh38
ENSG00000137801	THBS1	THBS1	15	39580130	39599466	1	Ensembl REST lookup/id	GRCh38
ENSG00000092529	CAPN3	CAPN3	15	42359498	42412949	1	Ensembl REST lookup/id	GRCh38
ENSG00000157456	CCNB2	CCNB2	15	59105078	59125045	1	Ensembl REST lookup/id	GRCh38
ENSG00000074410	CA12	CA12	15	63321378	63382027	-1	Ensembl REST lookup/id	GRCh38
ENSG00000187720	THSD4	THSD4	15	71096952	71783383	1	Ensembl REST lookup/id	GRCh38
ENSG00000173546	CSPG4	CSPG4	15	75674322	75712848	-1	Ensembl REST lookup/id	GRCh38
ENSG00000103811	CTSH	CTSH	15	78921058	78949574	-1	Ensembl REST lookup/id	GRCh38
ENSG00000140379	BCL2A1	BCL2A1	15	79960892	79971196	-1	Ensembl REST lookup/id	GRCh38
ENSG00000103888	CEMIP	CEMIP	15	80779343	80951776	1	Ensembl REST lookup/id	GRCh38
ENSG00000182054	IDH2	IDH2	15	90083045	90102490	-1	Ensembl REST lookup/id	GRCh38
ENSG00000140563	MCTP2	MCTP2	15	94231526	94483952	1	Ensembl REST lookup/id	GRCh38
ENSG00000185551	NR2F2	NR2F2	15	96325797	96340263	1	Ensembl REST lookup/id	GRCh38
ENSG00000154237	LRRK1	LRRK1	15	100919327	101078257	1	Ensembl REST lookup/id	GRCh38
ENSG00000140479	PCSK6	PCSK6	15	101289784	101525202	-1	Ensembl REST lookup/id	GRCh38
ENSG00000197253	TPSB2	TPSB2	16	1227272	1233725	-1	Ensembl REST lookup/id	GRCh38
ENSG00000172236	TPSAB1	TPSAB1	16	1239266	1242555	1	Ensembl REST lookup/id	GRCh38
ENSG00000008517	IL32	IL32	16	3064301	3082192	1	Ensembl REST lookup/id	GRCh38
ENSG00000103316	CRYM	CRYM	16	21238874	21303083	-1	Ensembl REST lookup/id	GRCh38
ENSG00000122254	HS3ST2	HS3ST2	16	22814162	22916338	1	Ensembl REST lookup/id	GRCh38
ENSG00000182601	HS3ST4	HS3ST4	16	25691959	26137685	1	Ensembl REST lookup/id	GRCh38
ENSG00000102879	CORO1A	CORO1A	16	30182817	30189085	1	Ensembl REST lookup/id	GRCh38
ENSG00000169896	ITGAM	ITGAM	16	31259967	31332892	1	Ensembl REST lookup/id	GRCh38
ENSG00000140678	ITGAX	ITGAX	16	31355134	31382999	1	Ensembl REST lookup/id	GRCh38
ENSG00000039068	CDH1	CDH1	16	68737292	68835540	1	Ensembl REST lookup/id	GRCh38
ENSG00000168807	SNTB2	SNTB2	16	69187142	69309052	1	Ensembl REST lookup/id	GRCh38
ENSG00000064270	ATP2C2	ATP2C2	16	84368476	84465779	1	Ensembl REST lookup/id	GRCh38
ENSG00000129226	CD68	CD68	17	7579380	7582112	1	Ensembl REST lookup/id	GRCh38
ENSG00000141510	TP53	TP53	17	7661779	7687546	-1	Ensembl REST lookup/id	GRCh38
ENSG00000271503	CCL5	CCL5	17	35871491	35880793	-1	Ensembl REST lookup/id	GRCh38
ENSG00000275302	CCL4	CCL4	17	36103827	36105621	1	Ensembl REST lookup/id	GRCh38
ENSG00000276085	CCL3L1	CCL3L3	17	36194869	36196758	-1	Ensembl REST lookup/id	GRCh38
ENSG00000131747	TOP2A	TOP2A	17	40388525	40417896	-1	Ensembl REST lookup/id	GRCh38
ENSG00000141753	IGFBP4	IGFBP4	17	40443446	40457727	1	Ensembl REST lookup/id	GRCh38
ENSG00000168610	STAT3	STAT3	17	42313324	42388568	-1	Ensembl REST lookup/id	GRCh38
ENSG00000261371	PECAM1	PECAM1	17	64319415	64413776	-1	Ensembl REST lookup/id	GRCh38
ENSG00000125398	SOX9	SOX9	17	72121020	72126416	1	Ensembl REST lookup/id	GRCh38
ENSG00000171298	GAA	GAA	17	80101533	80119881	1	Ensembl REST lookup/id	GRCh38
ENSG00000171885	AQP4	AQP4	18	26852043	26865771	-1	Ensembl REST lookup/id	GRCh38
ENSG00000152214	RIT2	RIT2	18	42743218	43115719	-1	Ensembl REST lookup/id	GRCh38
ENSG00000167306	MYO5B	MYO5B	18	49822789	50195164	-1	Ensembl REST lookup/id	GRCh38
ENSG00000150656	CNDP1	CNDP1	18	74534400	74587212	1	Ensembl REST lookup/id	GRCh38
ENSG00000125730	C3	C3	19	6677704	6730562	-1	Ensembl REST lookup/id	GRCh38
ENSG00000076944	STXBP2	STXBP2	19	7636772	7647873	1	Ensembl REST lookup/id	GRCh38
ENSG00000127528	KLF2	KLF2	19	16324826	16328685	1	Ensembl REST lookup/id	GRCh38
ENSG00000105695	MAG	MAG	19	35291647	35316351	1	Ensembl REST lookup/id	GRCh38
ENSG00000205155	PSENEN	PSENEN	19	35745070	35747519	1	Ensembl REST lookup/id	GRCh38
ENSG00000275395	FCGBP	FCGBP	19	39863323	39934626	-1	Ensembl REST lookup/id	GRCh38
ENSG00000105329	TGFB1	TGFB1	19	41301587	41353961	-1	Ensembl REST lookup/id	GRCh38
ENSG00000011422	PLAUR	PLAUR	19	43646095	43670547	-1	Ensembl REST lookup/id	GRCh38
ENSG00000130203	APOE	APOE	19	44903787	44909396	1	Ensembl REST lookup/id	GRCh38
ENSG00000104888	SLC17A7	SLC17A7	19	49429399	49443197	-1	Ensembl REST lookup/id	GRCh38
ENSG00000167755	KLK6	KLK6	19	50958631	50969673	-1	Ensembl REST lookup/id	GRCh38
ENSG00000105374	NKG7	NKG7	19	51371606	51372704	-1	Ensembl REST lookup/id	GRCh38
ENSG00000167614	TTYH1	TTYH1	19	54415219	54436904	1	Ensembl REST lookup/id	GRCh38
ENSG00000132646	PCNA	PCNA	20	5114953	5126626	-1	Ensembl REST lookup/id	GRCh38
ENSG00000101311	FERMT1	FERMT1	20	6070288	6123644	-1	Ensembl REST lookup/id	GRCh38
ENSG00000125869	LAMP5	LAMP5	20	9514316	9530541	1	Ensembl REST lookup/id	GRCh38
ENSG00000185052	SLC24A3	SLC24A3	20	19212510	19722926	1	Ensembl REST lookup/id	GRCh38
ENSG00000125810	CD93	CD93	20	23065139	23086324	-1	Ensembl REST lookup/id	GRCh38
ENSG00000053438	NNAT	NNAT	20	37521206	37523690	1	Ensembl REST lookup/id	GRCh38
ENSG00000182463	TSHZ2	TSHZ2	20	52972358	53495330	1	Ensembl REST lookup/id	GRCh38
ENSG00000179242	CDH4	CDH4	20	61252261	61940617	1	Ensembl REST lookup/id	GRCh38
ENSG00000154645	CHODL	CHODL	21	17901263	18267373	1	Ensembl REST lookup/id	GRCh38
ENSG00000142192	APP	APP	21	25880535	26171128	-1	Ensembl REST lookup/id	GRCh38
ENSG00000205927	OLIG2	OLIG2	21	33025327	33029196	1	Ensembl REST lookup/id	GRCh38
ENSG00000184221	OLIG1	OLIG1	21	33070141	33072413	1	Ensembl REST lookup/id	GRCh38
ENSG00000160255	ITGB2	ITGB2	21	44885948	44932079	-1	Ensembl REST lookup/id	GRCh38
ENSG00000100292	HMOX1	HMOX1	22	35380361	35394214	1	Ensembl REST lookup/id	GRCh38
ENSG00000100362	PVALB	PVALB	22	36800682	36819479	-1	Ensembl REST lookup/id	GRCh38
ENSG00000100385	IL2RB	IL2RB	22	37118666	37176676	-1	Ensembl REST lookup/id	GRCh38
ENSG00000100146	SOX10	SOX10	22	37970686	37987422	-1	Ensembl REST lookup/id	GRCh38
ENSG00000077942	FBLN1	FBLN1	22	45502238	45601981	1	Ensembl REST lookup/id	GRCh38
ENSG00000101955	SRPX	SRPX	X	38149336	38220941	-1	Ensembl REST lookup/id	GRCh38
ENSG00000171659	GPR34	GPR34	X	41688973	41698371	1	Ensembl REST lookup/id	GRCh38
ENSG00000069535	MAOB	MAOB	X	43766400	43882559	-1	Ensembl REST lookup/id	GRCh38
ENSG00000077279	DCX	DCX	X	111293779	111412429	-1	Ensembl REST lookup/id	GRCh38
ENSG00000072315	TRPC5	TRPC5	X	111768011	112082776	-1	Ensembl REST lookup/id	GRCh38
ENSG00000147246	HTR2C	HTR2C	X	114584078	114910061	1	Ensembl REST lookup/id	GRCh38
ENSG00000009694	TENM1	TENM1	X	124375903	125204312	-1	Ensembl REST lookup/id	GRCh38
